Address,Airdrop Amount
0x823B90c07da0683820f32148EccCB4FB3486b08E,11111111
0x4c3F35dC3c4E3109748990C21204BDb3016235E1,11111111
0x538e5e153ae0704e99eaca95c52fa915abb1d6a4,11111111
0xd352273d2b8eee69296d7e87e619f3270fe46ae2,11111111
0xf19BCe65007C84eb1D5E2a390f94311bEC04507b,11111111
0xbb9a9644dbb8952a0ad03f7ce7671c07f5643bb3,11111111
0x692090cb614a829ba305681e2a18d5d78f9558e8,11111111
0x7bd5ad025e4b330668eacae68d1df9113c8b2119,11111111
0x9675b745f2913228b9c4f8e1b8c21c32f06d58db,11111111
0x0a9643381b7A6fE41E693c4dD0e4caE57bb2bD69,11111111
0x24952255f01f66c9118926604c7984a60c48ca05,11111111
0x3dff271e2c040277509a76f5410abdbcfeb1344b,11111111
0xb46bf163c3b7de6b80270ece9012a276863842f0,11111111
0xa9dCdEE9090F6E7077B26be01BaadC34280951c7,11111111
0x675965F40698279c1cC25cb8ceF9C4bEf4C7F28B,11111111
0x142b31089c4185102a08EE4Ad11593c2686555d4,11111111
0x009bc10e73ffFBce9554f56a0Fc45B879efFd1fd,11111111
0xb742D8FE9b8A408ecBDC57F393CF0e231FC029d1,11111111
0xcaA81ACdA81928F6dadc7A107673Dbe03C50B1fb,11111111
0xa80570dc859cfe654c758434d56843477a879513,11111111
0x67a24bb3364a8a5376de3a862ce67b5a324bf380,11111111
0x39f2340a20b44e5D4f06D221810cDbeeFfA2ea07,11111111
0xa33c9eeab39d39e8b602fff01069fe455e46265a,11111111
0x3b1FEe7C7256F54bdF4c9F7a62ceD185B3089D62,11111111
0xeb62fba39fbef0b71f3e020434b448e3929770f2,11111111
0xC063EB78fd7CB31AF5d66Cda2Bf87EA0e6a6963f,11111111
0x4Da34947a4258E6472aD3CE1F434ada2948370d3,11111111
0xd88d41b5eefe685520525455f0bd5ab6b1635f8c,11111111
0xC3EA28E1E614e8cfB52d9fE4B2E3e5fB4Ab6e0C1,11111111
0xa787982969073d3b4fa4120b7d9c505fab3517d4,11111111
0x60eac8ab9136828bdcd881420d90a54c5723c23d,11111111
0x2e4714ac9a6a8c760a205d9dd55b5ff4f5cf7583,11111111
0x7c945b48b0bbb207577f1d4e183b8fda377483da,11111111
0x1c2b5884386da3cd5b712e666eaffa73e0d730c3,11111111
0x9e7bcb43c31e046f67fa4a1d4320ba54a01c69c8,11111111
0x2466cd39f824c9e3364a1a83bf3ad3265b2acfdf,11111111
0xdF29efbeF4accE20f8425460912aCB02eaB3E84D,11111111
0xB2263f74c12E04279e8D35A70A063Da3c4b77B77,11111111
0xCf10CE2D365b4a29C3052eCf3486d39B5b99A249,11111111
0xf208cFE9b0B61965904866E1652E807927686110,11111111
0xbFF37Ba11069fD1a81B2Dd9c407Db08aBaF33dCA,11111111
0x8E5DC5679712757Dc04793695F8dC15A97148B27,11111111
0xd98Ad4cbb743f9aA42E9a20B3406B80f29b2dD61,11111111
0x0f6c199b1470c5d80fb7aa758efbd305188054cc,11111111
0x8Eb9453AB5b765fF9ddce4ad40D19470cBc5D723,11111111
0x8dbb582610E949D3e4519560647775123a02C399,11111111
0x57568540BEaAc9A78B353B1B12AD0d3B0719Ed14,11111111
0xC60877199796d6f78419f4c0F02F3B89D3842Ea8,11111111
0x320B9017d6d6b29361b6FD3fEFba363b360C4A23,11111111
0x6c2227158c65870ff346287cbd123cb840cdd62d,11111111
0x9a289f3Ab8f9f6c8319490B422178d42f4Ba9b5e,11111111
0x9613eca44F5e6b3045284537a6Ba4b56BA0E7CA8,11111111
0x62965500ed97431c1ac4b32f38cb76f6a14701ff,11111111
0x58b8501D951D11Bd7875eC830A9935384B215ACD,11111111
0xC5932967e2adA3d1Abe420EEc27B4e85a954A993,11111111
0x14fd98ea774309B235a566e7153021537F069E55,11111111
0x60D85a4D16720A98d7BceD90781efebF81537c3F,11111111
0x21870F819B873b2F7e424AAf84effe49fC9e0012,11111111
0x7db05c02f36f15a7a07dcd488b7a118cd3b5e06c,11111111
0xD8F249D2e61fF066Ce8Ae1aF93d8F29Ba07B4959,11111111
0x7d1b14dffd5d875f8eaca7dbe34f17e171ac25f9,11111111
0x0BB82B4C6D07dd76EDECf24D78AfbA56e7B453E5,11111111
0x8681D003404e61B1223445679b555D119dACC22E,11111111
0x2f00a2049f4d55ac21055571ba0e2f59c9941f2f,11111111
0x2E0f074f6F7F14AE9836c76c1ec11EfC6888A6a6,11111111
0x41ccD7CFe46EDE6ecF0a841c9A7afCD7599c254a,11111111
0xaa5f4abcef7945f350645aed38dc4fee9e037ce9,11111111
0x22ac837221B3AfF90Fc27B1Bb1ab95523A849305,11111111
0x0c91b0CCd46Ab33C8dF4CD71C0945111C054Aba1,11111111
0x9ff80eb2a2b22b181ea1fbc885a030825cd48922,11111111
0x61c7e844fc5c310f8451902597c0452ec12cc31b,11111111
0xc883C7a36248a2B3023CaBF6e4f87Ba238129862,11111111
0x480a83E215AD5EA84C103c8280A4826a4C21564F,11111111
0x46556075de34a4aa7de995022aa270f06940cc81,11111111
0x00000a7b09138c56d0b7f1129bd98e97d0b84f7f,11111111
0xf871857a01c6B0bA141341efa382ae71e3A8F79C,11111111
0xFB228336E83a81B1DA21594c884551f87Fa079E7,11111111
0x974C36bB04c07c23D4c9d879419c31868572E4BC,11111111
0x09dbd7e2ddeb17cfaa3f46a9ac058e9d1f47f42d,11111111
0x2fb7B18D1907c29cdA4C63897b474BC7580cD83e,11111111
0x8D30A24BDce7b38dA325A6D46027Ac14C9DfeDe3,11111111
0xbfbae20fa7df2ec2850098573fe00582f16e57e3,11111111
0x62895c4fB37a5DCA2CDEe0C77199fda02947D83F,11111111
0xe52e87a9b184f0e6e8b51a35c2f247cd824a3fff,11111111
0x0887d458d5c1d4e71a96940c68bCcB4DbF677daC,11111111
0x63011b2a7416eB98f909F5D694B745fBaEFD5afA,11111111
0xa475e146eAf8803F7AFE18386A6Ba11e5Fa90461,11111111
0xa7eD58ee4F4a1cfcf1c1929Ee70A461a8F479531,11111111
0x876677a5e47c6e5b2a3232297827eb83bb366bf3,11111111
0xe11Aa5eb7945651E43D3F2D97bBcaF9aB1D3A571,11111111
0x7ef5787d9aa49f8c5132f73df7c680e1e0935456,11111111
0xbf3bbfb0cf0151b292f04531e26ea2d3ffb1e150,11111111
0xB6afC966B38985e163c910879B80A315Ad674cD1,11111111
0x955Ed150185346ffcC2dDcDB05209d24EE53d3F2,11111111
0xA738A6830587C431382dDC1000cb48CC92C62D98,11111111
0x29c923553951406CF66A27dB82c422934179651E,11111111
0xfE9e4aaA9557182aBe439390f0F8BCb786202C7B,11111111
0xA5E90Ad13F04Ead72f78573DA3c14d76D3FB3BB2,11111111
0xe19C42FC10deee7f7F0C37557D3f64150D214633,11111111
0xe3438E31702fA8D72A83e7Ea89fdf92649196862,11111111
0x26923BEb86384eAd84F53d31b1878076e4B449fE,11111111
0x29A4988Cb2D7184B2fB0a05c7713345517571359,11111111
0x7fe6Ae885B098B360F59Ca76d2EC47eaB0D67b78,11111111
0x329683E6e3B1DF7EE3400928C1373673e532c648,11111111
0x56eb4bf8b7510323b89fde249d1fb660ae30d2ee,11111111
0xc581a02983110904a46265aec956a1d7fe3b9baf,11111111
0x830d69743C27336fc510a29e4B19E416C4a6Cbff,11111111
0xaC7E4a98F5C0F2C06642948aAD44105Bdd8E9E0E,11111111
0x66F0FEd0ac5B6e7a671D0EFD36870259d047A6b0,11111111
0x516e696c93d08f5a4006658ff39b5c6458df43d6,11111111
0xa1069fCfe87C812039FCCf9A2C4a81DB0D3c9501,11111111
0x3d627ff6032f15e170b2fec28495236d6f831278,11111111
0x518063eEa31Ea34B7F8908DBd4F0a15a03DBc34C,11111111
0x03eb744d081dcb466248cfacee48edf08ea9d8bb,11111111
0x16dAFBd15B1118C5e774f4D5862Efc846d12AaB7,11111111
0x4bbb57f2349133296EB31b96cF2C67897B2F9CC9,11111111
0xb78c0b2763446f8ceaae9442d8d052e6eb505352,11111111
0x11ebaa109a0a0388f82c5bdea6fafc0ec78cb4d1,11111111
0x4fB20AE51C44e45611C302dC2E258660C837b52e,11111111
0x917745978cbfb631da987fcc74cf291de1eb472f,11111111
0x9baf48fe23ef619b7c16ac7eb8ec72c86a5a28a3,11111111
0xCE88bfAf3BbbD0707B525dEe2f36c3bCDcC81B95,11111111
0xE7742754E240406fBd9912bb4D28c79165da8F58,11111111
0x6F5D97e21D588E1c546d015b892069982D5EB4dC,11111111
0x2eaF07b7eEc52076535d301fd889Afd6fa92e45b,11111111
0x05d37F2f4f8990e886446c30f1cf4FD55940C1a0,11111111
0xa7d81A1B6E7D4AF009B980d712bA5dD1a4067ec3,11111111
0x909e0eb48dD9C658c40a8Ec09636c9e3d13B43F9,11111111
0xD9Ccd3Fb53a84257e44AB4f1c2D12c408C1f00eC,11111111
0x957e127a1d299e775b6e4e3cfb061c4b1407ee14,11111111
0x580016Dc32aF325dDf3a7fE0e31119918B73e650,11111111
0xD38F4ca53ebA01454f1899203D816BdEc6000aFC,11111111
0x219A4eE2bB64d165ee26Ad6A9059C4015cBFB144,11111111
0x9463b08dd2682da96d314b810385fbf1cadf18d8,11111111
0x7039b8E9055BcA6B4A41950d21330B44964346A5,11111111
0xc1861bb90254dD9E43A06D55bEe63664E06f15b6,11111111
0x5adec2c7e0ff1e400046a3e9ffa25a4ac66aa972,11111111
0x7e6d32776b365bed87133a3798a26cda60898d81,11111111
0x6bA8C4c9c8084d377Ead887831AbDaec5877fE1A,11111111
0xfb44496ef7CE7Dc94dA1Ec9F45115C80BBA1778D,11111111
0xDA11c7475da3D28bc7F041851E640FF88d00E9b5,11111111
0xE3c179EfEEf9109215E39c4Bf71BdEAd6A2F3b17,11111111
0x17C2096a82bef9749E007E86C6dbdba397F04DFA,11111111
0x8973dc42452729e84f60199a5d4bfbe1c148d532,11111111
0x57a5c73c40e80dd56974fDdA8386f3Be45b0988b,11111111
0xd592891080A22109b6677ff93bE725d912a8e1E6,11111111
0xbd11f7cafd2753b80a6d3bb12ac687a832afeff3,11111111
0xeca9c9e8f75b7925ae664038ce4c6c337440020d,11111111
0x3c75fa881cdde06891fc7dccb458219b9e50aca2,11111111
0x5AC72F7F92EA6372D9E8a6131ac741163c97611F,11111111
0x5f89f05566413fa683ec6313689e27d7dad0e585,11111111
0xb9232F73Fe869dEbb79e5fB9Ef3760Dd0a646FE2,11111111
0x26319BAF4df156Bf15BDf8CEa6156f2Ba4d7B158,11111111
0x9f2024623d3c1e847913e6da8fb39929e90a2574,11111111
0x820d0999d1d0e592d41dc3364babb819e775c8c1,11111111
0x889A7228792e7046cd648B3f4e23442fb5Da664B,11111111
0x6d53f797250be5e72435aeaa55ce03f9019fc5a4,11111111
0x2b2dd8496c9dd72109cdaecef489d88eb7d54c87,11111111
0x44CF30E679581dF6B202aaA77961b7859BCfAF7c,11111111
0x9515Ca9711EfcDA3fB435A25c104164736275010,11111111
0x4F000eaa7AF7c8409d479fFD3b6E7b9DC9D3e2AC,11111111
0x82584A2e294fC67C390f059227490DA7390dF331,11111111
0x6040d6ed7ad0f979164e29bd3581b9bc0318dd99,11111111
0x309b974b6E290f09c8d8E5fb70031822f875714d,11111111
0x29424e39061Ec02d8C52a2E2397ca78E19eB5BF0,11111111
0x416183a08a34d08F6939DbEcEf8abC4a65F5F1C4,11111111
0xcBaD2d0EE9C9bc908f27eF91eb0CDFB37Ca798B3,11111111
0x66f6Ba7bED1c934B708F7149276146b124653E81,11111111
0xd88D41B5EEfe685520525455f0bD5ab6b1635f8c,11111111
0x1F832478eC64d8F4acf83fB58B3787021cC2F4B8,11111111
0x55672f0d9bfec78d7ce5993f92110478cbac7148,11111111
0x44Df14477E3bc96F3d9eB2Bb970d7d1e65a55DE3,11111111
0xd28229855318c71dec6eef8782d932b75acda8e7,11111111
0x5Ea5Ecb93599caAc6b5b57b2Ce776E234794E79a,11111111
0xe4d5349fd15f717D2dC2E770dfDEA4a1ee48c321,11111111
0xb6afc966b38985e163c910879b80a315ad674cd1,11111111
0xC13ccf23E4e4709E41fC468a8C7e353c69bf94EF,11111111
0x518f3504ba1ba2516e55e964e16d150c6603c990,11111111
0x79B02B31F2A91830C6825aC3Fd4c38bD89b06CdD,11111111
0x9ef7071c502860Af1584385A99A50Ea95D1869F4,11111111